run_folder,sector,contains,status,note
sweep_runs/SUBSTRATE_HUNT_20260621_161557,exploratory,"hifi panels, chiral_viz, bound_state PNGs",historical,pre-Phase-C substrate hunting; vortex hypothesis falsified here
sweep_runs/CORE_SAT_PILOT_20260622_190340,exploratory,"core-saturation panels",historical,prime-SSE era
sweep_runs/CORE_SAT_HUNT_20260623_004605,phase_c,"832-row K-varied hunt",canonical,K confounded with total mass (see Codex catalog)
sweep_runs/PHASE_C_OPTION_B_N96_TRACE_20260625_003926,phase_c,"a* trace + frames.npz",canonical,stability closure trace
sweep_runs/PHASE_C_VISUAL_ANALYSIS_V2_20260624_185426,phase_c,"case panels (rendered PNG)",canonical,per-case stability panels
sweep_runs/PHASE_C_N96_CURRENT_CLOSURE_20260625_001621,phase_c,"current-closure panels",canonical,near-current-free confirmation
sweep_runs/PHASE_C_NODE_LIBRARY_20260704,phase_c,"162-config node library",canonical,D.3 harvest
sweep_runs/PHASE_D_C1_TRANSPORT_20260704_105309,phase_d_dissipative,"C1 transport probe json",canonical,C1_NO_STABLE_TRANSPORT
sweep_runs/PHASE_D6_REDUCED_MODEL,phase_d_dissipative,"reduced node-network model",canonical,D.6 pinned/merging network
sweep_runs/PHASE_D_C2_CONFIRM_20260704_210543,phase_d_c2,"C2.1 confirm+boost json",retracted,pre-C2.6-fix; superseded
sweep_runs/PHASE_D_C2_2_LOSS_20260704_231230,phase_d_c2,"C2.2 loss-source (geom on/off)",retracted,measured on bugged substrate
sweep_runs/C23_N96,phase_d_c2,"C2.3 quasi-soliton",retracted,pre-fix
sweep_runs/C24_LOCAL_N96,phase_d_c2,"C2.4 local boost",retracted,"flow-through pinning" artifact
sweep_runs/C25_SCOUT_T1B_FIXED,phase_d_c2,"family scout on FIXED substrate",canonical,found 2 GALILEAN families
sweep_runs/PHASE_D_C2_6_CODEX_AUDIT_20260709,phase_d_c2_instrument,"Codex C2.6 audit",canonical,independent bug re-audit
sweep_runs/C27_REDERIVE,phase_d_c2,"R0/R2/R3 re-derivation json + r3_soliton_n96.npy",canonical,v=2Dk CONFIRMED
sweep_runs/PHASE_D_C2_8_TWONODE_CODEX_20260709_123611,phase_d_c2,"C2.8 two-node (Codex) panels+npz+phi_iso.npy",canonical,first two-node; peak-tracker era
sweep_runs/C28B_ELAS,phase_d_c2,"C2.8b elasticity",retracted,fragile tracker (e=3.21)
sweep_runs/C29_ROBUST,phase_d_c2,"C2.9 robust two-node track_*.npz + summary",canonical,momentum-density observable
sweep_runs/C3_WAVE_MAPPED,phase_d_c3,"C3 Q-ball at mapped point qball.npy",canonical,existence
sweep_runs/C3_WAVE_BOOSTFIX2,phase_d_c3,"C3 corrected boost + G4/G6",canonical,inertial transport + VK
sweep_runs/C3_EXACT_VK2,phase_d_c3,"exact-contraction boost + VK slope",canonical,dQ/dw=-849
sweep_runs/C3_TWOQBALL_FULL,phase_d_c3,"two-Q-ball static+collision pair_*.npz",canonical,pi/2 universality
sweep_runs/C3_COLLISION_LADDER_FULL,phase_d_c3,"in-phase ladder collide_*.npz",canonical,capture to 0.75c
sweep_runs/C3_ANTIPHASE_LADDER,phase_d_c3,"anti-phase ladder collide_*.npz",canonical,transmission below 0.5c
sweep_runs/C3_PHASE_pi2,phase_d_c3,"off-phase pi/2 collisions",canonical,all capture
sweep_runs/C3_PHASE_3pi4,phase_d_c3,"off-phase 3pi/4 collisions",canonical,all capture
sweep_runs/C3_PHASE_7pi8,phase_d_c3,"off-phase 7pi/8 collisions",canonical,localizes narrow transmission band
sweep_runs/GRAVITY_AD_bg0,gravity,"rung A+D bg=0 radial profile + load_*.npy",paused,Omega^2 saturation cliff
sweep_runs/GRAVITY_AD_bgvac,gravity,"rung A+D bg=rho_vac (load dissolves)",paused,no clean well
sweep_runs/GRAVITY_DESAT_PILOT,gravity,"de-saturation pilot json",paused,de-sat makes cliff worse
sweep_runs/PHASE_D_CODEX_REPRODUCTION_20260709_233433,reproduction,"Codex reproduction pass + gravity_geometry plots",canonical,PHASE_D_REPRODUCTION_PARTIAL
