run_id,channel,final_value,classification,slope,intercept,quadratic,rmse_constant,rmse_linear,rmse_quadratic,rmse_saturating,tau_saturating,limit_saturating,rmse_oscillatory,omega_oscillatory,range
D2_50P_lam1,delta_theta,-0.0007251103933754166,LINEAR_SECULAR,-2.1626959835679042e-06,1.4988275229991734e-05,1.6464570534316688e-09,0.0002063979875194336,3.4310337314333395e-05,3.173498769997559e-05,3.158765380677966e-05,683.5165000800946,-0.0018206874046939384,0.00013954024496719072,0.01933287786824488,0.0007251103933754166
D2_50P_lam1,delta_omega,-3.5133919595864427e-06,BOUNDED_OSCILLATORY,-3.0465409537814504e-09,-1.7345913583356744e-06,-1.8905720718316045e-11,1.1739998173673114e-06,1.1384538058589325e-06,1.1285612265964876e-06,1.068010010200665e-06,20.473717060791692,-2.414432569031437e-06,1.7754870951445774e-07,0.0324293435209269,3.983211279923182e-06
D2_50P_lam1,delta_A_core,-7.283576013428217e-05,BOUNDED_OSCILLATORY,-6.18284593592196e-08,-3.7773655601737766e-05,-3.7977240981084903e-10,2.380008773009872e-05,2.307788707828073e-05,2.2880982895706937e-05,2.1531660233206493e-05,20.473717060791692,-5.1664607467238985e-05,4.88010958806049e-06,0.0324293435209269,8.437177776488003e-05
D2_50P_lam1,delta_width,0.0002415340545671718,BOUNDED_OSCILLATORY,2.5404206705268195e-07,0.00010500199421650542,1.592242622760598e-09,9.867778426197512e-05,9.573790266953949e-05,9.490349412667027e-05,8.996069020456997e-05,20.473717060791692,0.0001616547966618448,9.949312490704722e-06,0.0324293435209269,0.00027416750142439383
D2_50P_lam1,delta_E_core,-3.4533523001922806e-05,BOUNDED_OSCILLATORY,-3.416541915992535e-08,-1.5593806727019772e-05,-2.147762337054564e-10,1.3130534031402188e-05,1.2730798759631762e-05,1.2616611853242485e-05,1.1928520221509252e-05,20.473717060791692,-2.3226041331889386e-05,1.678520713543389e-06,0.0324293435209269,3.885716446949683e-05
D2_50P_lam1,delta_Q,0.0,BELOW_NUMERICAL_FLOOR,0.0,,,0.0,0.0,,,,,,,
D2_50P_lam1,d_orbital,8.272193538844683e-05,BOUNDED_OSCILLATORY,7.564818777779446e-08,4.2574916793333804e-05,4.032855775089085e-10,2.857463829351363e-05,2.7673611066749173e-05,2.7488615613103986e-05,2.559302289124104e-05,20.473717060791692,5.968496227816125e-05,3.5931305094903025e-06,0.0324293435209269,9.160433831876418e-05
D2_50P_lam1,modal_leakage,8.270223408923016e-05,BOUNDED_OSCILLATORY,7.563879109724e-08,4.256385992045765e-05,4.0307028687466684e-10,2.856896272712168e-05,2.7667978190981125e-05,2.7483142989340364e-05,2.5587077770298398e-05,20.473717060791692,5.967207941719474e-05,3.5934880522777297e-06,0.0324293435209269,9.158313304799448e-05
D3_100P_lam1,delta_theta,-0.0013329967322306402,LINEAR_SECULAR,-2.150936882856951e-06,1.0283931281379967e-05,2.0804590778825436e-10,0.0004064466638358404,3.609608418164607e-05,3.5489056857760015e-05,3.548525250951068e-05,5357.216451073569,-0.012215839740856606,0.0002596141038428244,0.009651590333609196,0.0013329967322306402
D3_100P_lam1,delta_omega,-2.0114288190598018e-06,BOUNDED_OSCILLATORY,6.448979784899404e-10,-2.2559306219508714e-06,7.403896456668527e-12,1.145832630395416e-06,1.1393854874959056e-06,1.1149730892009721e-06,1.1093802875439757e-06,18.807330036427047,-2.1169690303799027e-06,1.1722819114498671e-07,0.03144550399014609,3.983211279923182e-06
D3_100P_lam1,delta_A_core,-4.768224769824414e-05,BOUNDED_OSCILLATORY,1.3366722589768647e-08,-4.8416071591107044e-05,1.5261406065738387e-10,2.3286169997916176e-05,2.3149866295853257e-05,2.263919657222324e-05,2.2496766063034072e-05,15.47694898186128,-4.54075865869841e-05,4.23584280380109e-06,0.03144550399014609,8.437177776488003e-05
D3_100P_lam1,delta_width,0.00012108055927484429,BOUNDED_OSCILLATORY,-5.482652509587101e-08,0.00014868061180397347,-6.223609718045976e-10,9.667226874956291e-05,9.611993076864798e-05,9.40753811140996e-05,9.370246905711546e-05,18.807330036427047,0.00013671868633768295,4.606285917758223e-06,0.03144550399014609,0.00027416750142439383
D3_100P_lam1,delta_E_core,-1.8722683622685032e-05,BOUNDED_OSCILLATORY,7.385286410017601e-09,-2.146801438435566e-05,8.375254006816594e-11,1.2851373135226011e-05,1.2775977901676965e-05,1.249733591733982e-05,1.2439621217815796e-05,18.807330036427047,-1.9862674038848093e-05,1.1251312722516475e-06,0.03144550399014609,3.885716446949683e-05
D3_100P_lam1,delta_Q,0.0,BELOW_NUMERICAL_FLOOR,0.0,,,0.0,0.0,,,,,,,
D3_100P_lam1,d_orbital,4.9140079664587915e-05,BOUNDED_OSCILLATORY,-1.5357794180916965e-08,5.541503769540761e-05,-1.8286478700853418e-10,2.8040936088320803e-05,2.7891551265344104e-05,2.728308931395402e-05,2.6995670999842395e-05,18.807330036427047,5.22930203997559e-05,2.356386825682881e-06,0.03144550399014609,9.160433831876418e-05
D3_100P_lam1,modal_leakage,4.9128421480778374e-05,BOUNDED_OSCILLATORY,-1.535248737335216e-08,5.540190254623023e-05,-1.8283715450795834e-10,2.8035107438035185e-05,2.7885794909220582e-05,2.727739051734762e-05,2.6989675503088197e-05,18.807330036427047,5.2281560760820126e-05,2.3570025396714884e-06,0.03144550399014609,9.158313304799448e-05
