t,F_R,P_R,charge,sep,amp
0.0,-0.0,5.9949461545275425e-15,-165.5541330003478,3.499830143069833,1.567502262424527
0.5,3.8266028686377365e-07,1.2844891580164446,-165.55413300034746,3.573891046277745,1.2319893938645095
1.0,6.016681315740734e-06,6.644706260157479,-165.554133000347,3.629253990594164,1.1214617151262591
1.5,3.4241618632201665e-05,9.978121984882318,-165.5541330003441,3.5664264159817725,1.4158516531347385
2.0,9.617756313324679e-05,9.228481249737928,-165.55413300033544,3.5194763389876034,1.3183356610985733
2.5,0.00018387407831884294,9.39499563305139,-165.55413300033086,3.5660737219092544,1.1677816562469994
3.0,0.0002990060300525146,11.404690786291699,-165.5541330003297,3.625554161225912,1.0665826819996784
3.5,0.00040693936195240814,13.474194659719984,-165.55413300032924,3.629479027021452,1.006782667497633
4.0,0.0004563654770214496,13.98839690870065,-165.55413300032808,3.5868789631429063,1.070812846674739
4.5,0.0004396166353155603,12.651279639773241,-165.55413300032592,3.559069232644948,1.0752483571078217
5.0,0.00037404681497272207,10.69025880095787,-165.55413300032387,3.582909512033705,1.051001745328938
5.5,0.0002712257900268074,9.557336660161425,-165.55413300032262,3.6443195197087874,1.001903040320951
6.0,0.00015512178862644364,9.730822202542608,-165.55413300032205,3.700737835530961,0.9453977750348624
6.5,5.7937443285721814e-05,10.514672512690506,-165.5541330003217,3.712210291464912,0.9046052319587811
7.0,-4.820621961845534e-06,10.675726556031364,-165.5541330003212,3.677723627480703,0.917712958218845
7.5,-3.2966727207707953e-05,9.391965385025244,-165.55413300032063,3.638963536249541,0.9470543604826863
8.0,-3.0388781739664238e-05,6.92708265551343,-165.55413300032015,3.636769761398829,0.9451870622646847
8.5,-9.135485313786608e-06,4.4654839472876375,-165.5541330003199,3.678013890995243,0.9143979885658831
9.0,1.3727190795705538e-05,3.127783466349705,-165.55413300031984,3.73729507672238,0.8717018260456686
9.5,3.07727719360023e-05,3.1178371004603234,-165.55413300031978,3.7731239946548243,0.8451892580818533
10.0,4.705576767428099e-05,3.6224978493733713,-165.55413300031972,3.756839135890651,0.8606104232875449
10.5,7.061428902548405e-05,3.4483935450860814,-165.55413300031967,3.704446082819107,0.917681232885709
11.0,0.00010325857874729239,1.940071072394253,-165.55413300031978,3.66419509074769,0.9572445604950565
11.5,0.00013605066832002232,-0.46783851313175995,-165.55413300031995,3.6678416358718087,0.9400694796966821
12.0,0.00015506317955907867,-2.613048849926868,-165.55413300032012,3.7081832689634067,0.9004196159715883
12.5,0.00015531799129943807,-3.580918249039624,-165.55413300032023,3.7500491862876926,0.8904890116213878
13.0,0.00014369132596637744,-3.379129315582788,-165.55413300032035,3.753472671909574,0.931514488545377
13.5,0.00012571199066374608,-2.8904413277361423,-165.5541330003205,3.7075634738959207,0.9939783144604748
14.0,9.901110241018804e-05,-3.149134406247814,-165.5541330003207,3.6494228945789025,1.0314483416927982
14.5,6.400761344159608e-05,-4.43353926900072,-165.5541330003211,3.6256708690588058,1.0255783158121188
15.0,3.059094501139948e-05,-6.1063066489018585,-165.55413300032137,3.6435090338267124,1.0010997730994236
15.5,9.879604599982522e-06,-7.341256335785628,-165.5541330003216,3.6736858278501843,0.9965734557753628
16.0,6.205843467639964e-06,-7.732511709305339,-165.55413300032177,3.6799104626865025,1.022901399885097
16.5,1.781282968651538e-05,-7.439535610353208,-165.55413300032194,3.644804733611487,1.0561569972046099
17.0,3.9317837637330994e-05,-7.05228589641467,-165.55413300032222,3.587942448858722,1.0682117300738296
17.5,6.0776132302827164e-05,-7.109044724614812,-165.55413300032257,3.5515931831631926,1.0573578015669451
18.0,7.287960310130398e-05,-7.670441555162624,-165.5541330003229,3.554266816809232,1.0462357791648045
18.5,7.593873045055843e-05,-8.415238633243597,-165.55413300032313,3.5746557677889985,1.0527445227404242
19.0,7.795416705129117e-05,-8.991987999510105,-165.5541330003233,3.5781421324436495,1.0708907829558605
19.5,8.565994921989645e-05,-9.180477847921505,-165.55413300032342,3.5473432910110185,1.0817268627552485
20.0,9.921329413649637e-05,-8.887772683124215,-165.55413300032362,3.4963353526217205,1.077110072066805
20.5,0.000112769553553246,-8.24672265594817,-165.55413300032384,3.4583097088548334,1.0675093311843893
21.0,0.00011980007544368634,-7.678428085666205,-165.55413300032404,3.451706819118277,1.0671082238518175
21.5,0.00011860458055741877,-7.6261371281967705,-165.55413300032416,3.463113005003989,1.0768877126892011
22.0,0.0001122900873366559,-8.150737079565888,-165.5541330003242,3.4662136649524626,1.0854456642977184
22.5,0.00010432725812644884,-8.780137832387233,-165.55413300032427,3.445522068750635,1.0838245693971227
23.0,9.604416812304434e-05,-8.814727149997545,-165.55413300032433,3.405232185169055,1.0754054588762212
23.5,8.840383384363542e-05,-7.980024221837315,-165.55413300032436,3.3661502399837033,1.0701765332749749
24.0,8.407254826276631e-05,-6.810167178106257,-165.55413300032438,3.347971559827236,1.0726911567846078
24.5,8.578345017347103e-05,-6.199164234883128,-165.55413300032438,3.349935568477357,1.078511645210091
25.0,9.427402043316678e-05,-6.510412237668051,-165.55413300032438,3.356822739899582,1.0808497893805498
25.5,0.00010737190627184229,-7.22443257009062,-165.55413300032438,3.353765413615964,1.077920679701527
26.0,0.00011927529927071762,-7.487381924801684,-165.55413300032433,3.330398506730276,1.0733914095617465
26.5,0.00012522042440454216,-6.914714621130827,-165.55413300032424,3.28851896366393,1.0712216724121335
27.0,0.00012640212890070864,-5.848493070737577,-165.55413300032416,3.2519169905904284,1.0712069163729834
27.5,0.00012668168691311042,-4.9713622792315135,-165.5541330003241,3.247192073468441,1.0699081429031014
28.0,0.00012799649604429178,-4.7677286749685965,-165.55413300032404,3.2668073000236046,1.069734496353051
28.5,0.000130535170926921,-5.21285303587588,-165.554133000324,3.2778633502801977,1.069092504332002
29.0,0.00013386935568280732,-5.748844187273513,-165.55413300032382,3.2602730527326154,1.0686254440414091
29.5,0.00013679939158987866,-5.711285915853573,-165.55413300032365,3.2205463894768167,1.0682033311691823
30.0,0.00013874027585905567,-4.989677845260912,-165.55413300032347,3.1835664468365987,1.0741429842727184
30.5,0.00013968556861032198,-4.103263501288614,-165.5541330003233,3.173461345738818,1.07857307761933
31.0,0.00013906926312344682,-3.570345069477618,-165.5541330003232,3.189002457764758,1.073276173266995
31.5,0.0001365450286046669,-3.4941530305346324,-165.55413300032308,3.2040656798358964,1.0641878822793889
32.0,0.00013189495237060124,-3.781296496551968,-165.55413300032293,3.1967976405130707,1.0768081530365408
32.5,0.00012642973971041055,-4.231988311281787,-165.5541330003228,3.1686416203075742,1.0938327722160277
33.0,0.0001243270827684164,-4.350760017034778,-165.55413300032262,3.1394783333206666,1.0771560504975128
33.5,0.00012595491185134848,-3.68061905030893,-165.55413300032245,3.126628418944933,1.0458042593856391
34.0,0.00012759145064510975,-2.5377737672172533,-165.5541330003224,3.1271268447563854,1.0345197191411468
34.5,0.00012952915220584293,-1.9413117606773829,-165.55413300032234,3.1292203782100767,1.0435077561063615
35.0,0.00013389397484038474,-2.5044060727728175,-165.55413300032228,3.1309379882111212,1.046535063146255
35.5,0.0001373242656606913,-3.667202363639614,-165.55413300032225,3.132188908671578,1.0338077207732927
36.0,0.00013640781000395997,-4.309303575482977,-165.55413300032222,3.122203624204429,1.0305800390816506
36.5,0.0001344627514408926,-3.980611062683688,-165.55413300032222,3.091973572223192,1.0354284837171692
37.0,0.0001356745726972081,-3.239250402739562,-165.55413300032222,3.058797956984296,1.0380771126954207
37.5,0.00013864923175753457,-2.8882554686367485,-165.55413300032234,3.05510122555161,1.040177254107703
38.0,0.00014128943754638002,-3.1845542485641927,-165.55413300032242,3.083436678745084,1.0410278475198376
38.5,0.00014566380774745533,-3.793399731778897,-165.5541330003225,3.1099267360504728,1.0434871740831948
39.0,0.00015202831000399355,-4.251017646984997,-165.55413300032254,3.1008103021664484,1.0476726688969953
39.5,0.0001549376756384485,-4.291118204276627,-165.55413300032257,3.0542034238910585,1.0600814693834393
40.0,0.00015072127482454825,-3.870619387566774,-165.55413300032257,3.0074714466092503,1.0771889565509225
40.5,0.0001435880623252424,-3.1488336756935125,-165.55413300032262,3.0064410551437453,1.0762528451844688
41.0,0.00013938717631928197,-2.4150779548973524,-165.55413300032274,3.0506515460494756,1.06769105184732
41.5,0.00013830641622903536,-1.9376479149718806,-165.55413300032285,3.0881958909572536,1.071672895813037
42.0,0.00013584220974057802,-1.8718380224610351,-165.5541330003229,3.0753647551545815,1.0909325796749358
42.5,0.0001295902116942364,-2.093894158031432,-165.55413300032288,3.021489232497083,1.0993879115475378
43.0,0.00012276838605800703,-2.044623005595727,-165.55413300032282,2.9825007985267593,1.0857718125973437
43.5,0.00011948092391495607,-1.1507942402848694,-165.5541330003228,3.0026734570862907,1.0801896613875808
44.0,0.00012149068561570015,0.38109072672654276,-165.5541330003228,3.050856003927046,1.0882121685456625
44.5,0.0001278416597048901,1.5942729139075256,-165.55413300032274,3.0643242822053924,1.0891256097281277
45.0,0.00013489217417419407,1.8043882295600175,-165.55413300032265,3.039277766781467,1.0869066535965695
45.5,0.00013963112875058268,1.3285331444839006,-165.5541330003225,3.016632833965269,1.0961550879438828
46.0,0.00014313455708227238,1.082840139842525,-165.55413300032234,3.0200179889169037,1.0997978953725143
46.5,0.00014758342411417226,1.652618118428836,-165.55413300032217,3.038360793379474,1.0763170650677878
47.0,0.0001507639939991698,2.8972115121444064,-165.55413300032203,3.0510608399895722,1.0510382056230747
47.5,0.000150874182324089,4.172895458006777,-165.5541330003219,3.0528460492366314,1.0503584921244444
48.0,0.0001512694174592205,4.801620394801946,-165.55413300032183,3.052029263547025,1.059505295938625
48.5,0.00015217394708034795,4.602005504490865,-165.5541330003217,3.0564151303571196,1.0503281232910269
49.0,0.00014839417720797395,4.0544358535019125,-165.5541330003216,3.0673079677263324,1.0361344414417624
49.5,0.0001390318582741605,3.877659049334561,-165.55413300032146,3.0813268353564927,1.0342292859142488
50.0,0.00012866514744271546,4.494886498404371,-165.55413300032131,3.091945682014127,1.0327746481500326
50.5,0.00012084769282514428,5.7503319034583225,-165.5541330003212,3.0936143762491546,1.0348134017145174
51.0,0.0001167166977341372,6.927251310082971,-165.55413300032117,3.09162689004736,1.0399732588565138
51.5,0.00011564545593954805,7.235255061095291,-165.5541330003211,3.100320970979996,1.0380598786297504
52.0,0.00011483062981954448,6.5267754565107765,-165.55413300032097,3.125185447841029,1.036104111539729
52.5,0.00011129335733840662,5.557447977258949,-165.55413300032075,3.1523811552460295,1.0535290602927485
53.0,0.00010644041648568869,5.3684526291289085,-165.55413300032063,3.160346684816022,1.0706689943134395
53.5,0.00010582233203295426,6.2912724579739265,-165.55413300032052,3.1482397463492493,1.0749106222957623
54.0,0.00011177592454458003,7.6190786845881,-165.55413300032046,3.143486558872234,1.065250819139536
54.5,0.0001186287348254723,8.187473924950067,-165.5541330003204,3.1636176749687666,1.0561322163023836
55.0,0.00011850029850889471,7.4085463671461405,-165.55413300032032,3.195367074709985,1.0670268649818606
55.5,0.00011156611934114737,5.888132490067587,-165.55413300032018,3.21757383439101,1.0845150336360618
56.0,0.0001056471417940274,4.828466028984893,-165.55413300032,3.2192548210282212,1.073882279795714
56.5,0.00010469700524547756,4.869101068992032,-165.5541330003199,3.2084691042247986,1.0386416803237581
57.0,0.00010495869075978435,5.667331224620373,-165.55413300031978,3.2102858379037915,1.017068654163605
57.5,0.00010246306383743528,6.289006322435461,-165.55413300031967,3.233714707756384,1.0234571926935743
58.0,9.817307666365932e-05,5.876634470124062,-165.55413300031955,3.2548760089985818,1.0339394838391096
58.5,9.530635644578987e-05,4.362775924050289,-165.55413300031944,3.25652420698425,1.024325284203181
59.0,9.475344876620248e-05,2.6347799425913947,-165.55413300031935,3.2529727133680577,1.0084782188902077
59.5,9.41695053620958e-05,1.7845968345569823,-165.55413300031924,3.2642295805656483,0.9957185662978689
60.0,9.160098394081526e-05,2.1097955776689914,-165.55413300031913,3.282041407124145,0.995472369939264
60.5,8.933164895338952e-05,2.7997423704566904,-165.55413300031904,3.2817370009999696,1.0084601654919776
61.0,9.152830132712395e-05,2.713734091137805,-165.55413300031896,3.2668588248299515,1.0129940224627498
61.5,9.762774651000841e-05,1.515353697028214,-165.55413300031893,3.2651057311003884,1.009690677160765
62.0,0.00010255877015063592,-0.062155122925039,-165.5541330003189,3.2851166626044757,1.0092884209003854
62.5,0.00010418005350506214,-1.0687076151418438,-165.5541330003189,3.307455992701118,1.0165489116676751
63.0,0.00010522990466835023,-1.2279931212188602,-165.5541330003189,3.307701105584111,1.024143060818862
63.5,0.00010748489722793406,-0.9556579876797595,-165.55413300031887,3.2835145187184063,1.0215468316455087
64.0,0.00010905418197859942,-0.8594587063851629,-165.55413300031887,3.2619373136859737,1.0097363358644444
64.5,0.00010892792999454328,-1.285019136170908,-165.55413300031893,3.267797147575215,1.0060729796479253
65.0,0.00010842105481093792,-2.093027721064346,-165.55413300031907,3.293768069305589,1.0164114861561286
65.5,0.00010794641938300025,-2.8324473056703416,-165.5541330003192,3.312987392712887,1.0234106153186795
66.0,0.00010750964679082611,-3.1858354389668584,-165.55413300031933,3.3056292818353805,1.0115159085469896
66.5,0.00010789662884108177,-3.195917718797185,-165.55413300031938,3.2742487917681906,1.015256434885551
67.0,0.00010941449270415019,-3.0721564181464514,-165.5541330003195,3.2475417974134384,1.0239692117731103
67.5,0.00011195606903122595,-2.855522410018472,-165.55413300031967,3.2566294592424248,1.0307694577058206
68.0,0.00011510516914075077,-2.437412331314398,-165.55413300031992,3.291033048656497,1.0515427493903378
68.5,0.0001179122412229925,-1.9520998983588431,-165.55413300032018,3.308320628183547,1.0420010792713594
69.0,0.00012078299715236766,-1.7994497591507068,-165.5541330003204,3.2911688963041086,1.0407057503567305
69.5,0.00012544290251315736,-2.044915181474738,-165.55413300032063,3.261711622769962,1.0657800855689228
70.0,0.00013116242007157533,-2.0378018129356517,-165.55413300032083,3.251407294173766,1.0850039202480857
70.5,0.00013484473934513724,-1.0427968639844374,-165.5541330003211,3.268370811831706,1.0928741794782164
71.0,0.00013554033504118828,0.7003308476033826,-165.55413300032137,3.288507338213803,1.0937305447763426
71.5,0.00013656918923856903,2.0177556648597914,-165.5541330003216,3.2914478075067164,1.084854041892705
72.0,0.000140693607081941,2.1213793091795874,-165.55413300032188,3.287953906566454,1.0892235510668653
72.5,0.00014436098210588393,1.533942462188301,-165.55413300032208,3.2911724111885245,1.121059278682853
73.0,0.0001432142594587597,1.5105009888581393,-165.5541330003222,3.2943339634141293,1.1356058423886388
73.5,0.00013892519914614367,2.71071713863339,-165.55413300032228,3.29077728580473,1.1033385057792016
74.0,0.00013462806017217315,4.52842973297722,-165.5541330003224,3.293246965839392,1.0740286389817346
74.5,0.00013210800711664874,5.816246208654611,-165.55413300032257,3.314014381643646,1.0860160353615838
75.0,0.00013398397345717498,6.075517502623443,-165.55413300032268,3.3401339251881046,1.1069363092284839
75.5,0.00013961950971268884,5.804341169946001,-165.55413300032274,3.351962548135478,1.0957281453586059
76.0,0.0001423114296687209,5.845512642169496,-165.55413300032268,3.348890395848926,1.095150047593034
76.5,0.00013817956441339871,6.604946821097332,-165.5541330003225,3.3467454917599766,1.0868438203759592
77.0,0.00013105612858170618,7.882181261098882,-165.5541330003223,3.3604378840810423,1.1050783756870934
77.5,0.0001270470410188243,9.22731521223984,-165.55413300032214,3.3896646977848226,1.1141142551872332
78.0,0.00012877535614474553,10.23854649521345,-165.55413300032203,3.417059072929604,1.0931368179557739
78.5,0.00013286081996559458,10.546625010830265,-165.55413300032183,3.428361523030902,1.0955031438011267
79.0,0.00013214796193642732,10.146862501406329,-165.55413300032149,3.430730486509808,1.1199798434795263
79.5,0.0001236952260307709,9.775174805982768,-165.55413300032103,3.4417405900575546,1.1203490408412426
80.0,0.00011400793354148055,10.313044754439987,-165.55413300032063,3.467986109463498,1.097366487429128
80.5,0.00011036105458261479,11.727304921297508,-165.55413300032035,3.4983419066441366,1.081562638342441
81.0,0.00011130573870446865,12.962857083623565,-165.55413300032006,3.5171811546398564,1.078186072273477
81.5,0.00011165581950786206,13.017244320250015,-165.55413300031975,3.5232493945513244,1.0778375525757147
82.0,0.00010905864523500156,11.931462241366292,-165.55413300031933,3.5287500098338276,1.077279869581988
82.5,0.00010304616250500097,10.684034212061793,-165.5541330003188,3.5474595068488606,1.0749350507607498
83.0,9.613380721205189e-05,10.278444406097474,-165.55413300031842,3.583422386871713,1.0638482967549159
83.5,9.331113768390341e-05,10.864855876056813,-165.5541330003181,3.6197790969244075,1.0401907193802584
84.0,9.503516735056347e-05,11.678965582614213,-165.55413300031785,3.6334453662020776,1.0184932001507978
84.5,9.703423980225377e-05,11.786522048183063,-165.55413300031756,3.6266736484911064,1.0143528440880665
85.0,9.706331336162669e-05,10.820032622848553,-165.55413300031734,3.623295554132619,1.0201433597486704
85.5,9.55080132968359e-05,9.19481451002963,-165.5541330003171,3.643870833701752,1.011446517938579
86.0,9.216743760474621e-05,7.817326368299591,-165.55413300031694,3.687130964156342,0.9744465421129636
86.5,8.761468318438244e-05,7.390734248950995,-165.5541330003168,3.7250575820455465,0.9567775294191113
87.0,8.467342447999549e-05,7.818698090056159,-165.5541330003167,3.7314370386513804,0.9558964053103187
87.5,8.463452601348822e-05,8.314028458610604,-165.55413300031663,3.7177450362692728,0.9640553880141279
88.0,8.519199390015808e-05,8.074245992012537,-165.55413300031657,3.714456157122919,0.972602953441457
88.5,8.412826986010829e-05,6.854740811655447,-165.5541330003165,3.731099166294546,0.9703313971739689
89.0,8.151640305272394e-05,5.13835789132738,-165.55413300031648,3.757750283208215,0.9662247461911245
89.5,7.782401012263364e-05,3.872618987774623,-165.55413300031643,3.7804249647205017,0.959525665140037
90.0,7.37506630422907e-05,3.723823717890905,-165.5541330003164,3.7887764773042902,0.9525536623751635
90.5,7.145954054545667e-05,4.389370843112444,-165.5541330003164,3.7865236362773755,0.9964159956999497
91.0,7.254124303494054e-05,4.829842702117283,-165.55413300031645,3.787171113265617,1.0316821412111623
91.5,7.494394989783827e-05,4.209500684145718,-165.55413300031654,3.7911496285403974,1.0247675978270077
92.0,7.50591722717334e-05,2.618701507255624,-165.55413300031668,3.791192460075741,1.014538210047205
92.5,7.267003582776998e-05,1.0038983975595743,-165.5541330003168,3.793593391139111,1.0269031678548666
93.0,7.126220741886107e-05,0.30505150598397024,-165.55413300031688,3.809332528601023,1.0483268755137833
93.5,7.32270053107296e-05,0.6016657908869945,-165.554133000317,3.8297879165464703,1.0551929276927938
94.0,7.649839347035757e-05,1.1536229636721989,-165.5541330003171,3.8315020322554334,1.0468837714975547
94.5,7.851868245582422e-05,1.1539860482788926,-165.55413300031728,3.810164658949658,1.0408435871806963
95.0,8.020204310084283e-05,0.35679320968139433,-165.5541330003175,3.79038498521801,1.0441543644786324
95.5,8.21106113992856e-05,-0.8827325832409871,-165.55413300031773,3.794891530916193,1.0465002179731113
96.0,8.334868277024146e-05,-1.9090366346502745,-165.55413300031788,3.8190383527954754,1.050651238468587
96.5,8.514689688082819e-05,-2.2016251079116835,-165.55413300031802,3.837030930865506,1.0607786905980021
97.0,8.894868097464315e-05,-1.8112049934518297,-165.5541330003182,3.8272303415082325,1.0625627882492568
97.5,9.280894140667861e-05,-1.343822449285081,-165.55413300031836,3.797224355809465,1.0433026187973633
98.0,9.451149532888986e-05,-1.3706240154906242,-165.5541330003186,3.7788112530378144,1.0378499940737473
98.5,9.562293009657696e-05,-1.93668438439432,-165.55413300031879,3.7899588042665506,1.0535257287132143
99.0,9.877774024074692e-05,-2.6857874725469975,-165.55413300031904,3.8148425505437067,1.0640676246328513
99.5,0.00010279234509871774,-3.1893374875829714,-165.55413300031927,3.8228051805993566,1.0566973131350177
100.0,0.00010409790233907492,-3.1158010255061206,-165.55413300031944,3.7992787877697136,1.071060513615132
100.5,0.00010274884888198329,-2.479910449217895,-165.55413300031964,3.768181312379957,1.0720957602774186
101.0,0.00010212384889192199,-1.753475287146704,-165.55413300031984,3.7699177908179564,1.0673360000960725
101.5,0.00010349347379506593,-1.4862371966095511,-165.55413300032012,3.7985160757425214,1.0849390288651857
102.0,0.00010561465390274899,-1.74595410967461,-165.55413300032035,3.809238316750517,1.090399063618809
102.5,0.0001070548646294156,-2.139354444303051,-165.5541330003205,3.7865938304065714,1.0903684939115068
103.0,0.00010690792413756354,-2.25429166808843,-165.55413300032046,3.7603714148111425,1.1064833326660701
103.5,0.00010504365465526399,-1.852318935577385,-165.5541330003204,3.7655821777935614,1.1352501592650044
104.0,0.00010186603837025499,-0.864384015570586,-165.5541330003204,3.795465100064514,1.1466901916324792
104.5,0.00010052649843485913,0.36869391812117885,-165.55413300032032,3.8044607661425873,1.133144507426864
105.0,0.00010305055267812405,1.0298284953498702,-165.55413300032023,3.774629655581081,1.1209286507590601
105.5,0.00010639060581796985,0.6209733145950587,-165.55413300031995,3.7433583188781183,1.1361926723211564
106.0,0.00010706636181730578,-0.27539100732059535,-165.55413300031955,3.7512071084328724,1.156166185591699
106.5,0.00010450425077197154,-0.43589667697684464,-165.55413300031904,3.7895363908168487,1.1326101084031437
107.0,0.0001009818029092855,0.5952369913905127,-165.55413300031864,3.8072446388569112,1.084445482834566
107.5,0.00010026719096359188,1.897923124321141,-165.5541330003183,3.777315498222125,1.0555108425884683
108.0,0.00010309408194723762,2.1937752045326313,-165.55413300031796,3.7366416846962727,1.055850221450869
108.5,0.0001067040817460866,1.1847916877483904,-165.55413300031756,3.7309078827856297,1.0648515089638575
109.0,0.00010821611448929106,-0.2625034864912506,-165.55413300031717,3.758588193099464,1.057086277268448
109.5,0.0001058041567848355,-1.1292629361500084,-165.55413300031682,3.782757621969643,1.02303783418899
110.0,0.00010121861816226941,-1.167761744267871,-165.5541330003165,3.7756734582143636,0.9857781052777664
110.5,9.912940472326715e-05,-0.8630742872767143,-165.55413300031626,3.7498291067216174,0.9828424421280104
111.0,0.00010142705655930416,-0.8387492135052808,-165.55413300031606,3.7335187028975385,0.9873723832165282
111.5,0.00010456980156839243,-1.4851337245141463,-165.55413300031586,3.729036587579472,0.9944632937451641
112.0,0.00010463535727550701,-2.800630681851776,-165.5541330003157,3.726967496747924,0.9906754858250101
112.5,0.00010188153683296301,-4.29674852016453,-165.55413300031552,3.7294629358829683,0.9795665701572787
113.0,9.853962863094056e-05,-5.30778724597415,-165.5541330003154,3.7369067473759228,0.9805895264980778
113.5,9.584377075928819e-05,-5.560359101733972,-165.55413300031535,3.7334060385434684,1.007088864752093
114.0,9.427614832886689e-05,-5.366249342358218,-165.5541330003153,3.7070494443464534,1.0225775456763913
114.5,9.44818456797372e-05,-5.365549076640268,-165.55413300031535,3.6753592470704097,1.0157474619722084
115.0,9.605697042885574e-05,-6.06181463558964,-165.55413300031546,3.663219342273867,1.0096310955607777
115.5,9.600551329770241e-05,-7.374927142507799,-165.55413300031563,3.67080374534067,1.0215945706335794
116.0,9.281681667631243e-05,-8.650254196268214,-165.55413300031574,3.680058343652406,1.0419589874912116
116.5,8.900033602601416e-05,-9.223586726607465,-165.55413300031586,3.6726848833587926,1.041173017002547
117.0,8.755368003435286e-05,-8.981187609294956,-165.55413300031597,3.641552613281447,1.0165066385812755
117.5,8.901494243432628e-05,-8.439939448633783,-165.55413300031614,3.602138500821125,1.024860824694806
118.0,9.123496915759284e-05,-8.257995128004726,-165.5541330003164,3.5825360390086254,1.0445465481387117
118.5,9.241269971887236e-05,-8.6765506280326,-165.55413300031665,3.588682705760676,1.0612008217049267
119.0,9.276685321558679e-05,-9.418015047524761,-165.55413300031677,3.5998297494422786,1.0494866558009526
119.5,9.270593497921684e-05,-9.956694341708488,-165.55413300031688,3.5947203871983424,1.0542623136551466
120.0,9.25206622602916e-05,-9.838188551305405,-165.55413300031694,3.565697849156256,1.0697062256679204
120.5,9.300236460806862e-05,-9.025674671712899,-165.55413300031705,3.5200179942646983,1.1382434747044685
121.0,9.491869029060788e-05,-8.042842639172912,-165.55413300031717,3.484682687151114,1.1315805039307165
121.5,9.796148999571052e-05,-7.539097277473621,-165.55413300031725,3.487160704383176,1.081927967509226
122.0,0.00010089669554684735,-7.70556566579452,-165.55413300031728,3.5158111610502703,1.0877871356320559
122.5,0.0001027099975286996,-8.084401154665962,-165.55413300031728,3.5262544778790597,1.1284943944879737
123.0,0.000102909151949228,-8.07642918900493,-165.55413300031717,3.488812161876602,1.1190458736620095
123.5,0.00010244963232343812,-7.4683174147599924,-165.5541330003171,3.4254469410189814,1.063937301219584
124.0,0.00010382725417271385,-6.497671770032353,-165.554133000317,3.394965701324052,1.044082360253269
124.5,0.00010802987927133697,-5.53756050672834,-165.55413300031694,3.416841446960981,1.0440588302569318
125.0,0.00011274401410271746,-4.92205274944048,-165.55413300031688,3.4460246622063844,1.0628723174258634
125.5,0.00011482644780156067,-4.84496086428647,-165.55413300031674,3.443165929835031,1.0613384229588907
126.0,0.00011430755255956985,-5.089732756057245,-165.55413300031654,3.4099100380835843,1.0480782776824453
126.5,0.00011426803716057309,-5.073047019298562,-165.55413300031637,3.3704731171165925,1.030288430090723
127.0,0.00011680136012016448,-4.401329432030096,-165.55413300031626,3.3518141549645337,1.032960047104756
127.5,0.00011973945459302884,-3.2685706994236643,-165.55413300031614,3.361353092390013,1.0420792608847116
128.0,0.00012046712599437552,-2.28658021876248,-165.55413300031603,3.3751007323713416,1.052987103334533
128.5,0.00012020665582912795,-2.010040808327905,-165.554133000316,3.3703559701299026,1.048418747816441
129.0,0.00012012004629182509,-2.491290716616186,-165.55413300031603,3.354144717046835,1.0362916529110127
129.5,0.0001195602283849893,-3.1463404698083233,-165.55413300031603,3.3435831663731013,1.0344008272495409
130.0,0.00011870719576728846,-3.1777673602016927,-165.55413300031597,3.3378498475434863,1.0330400748418624
130.5,0.000117581218755713,-2.3457586077076735,-165.55413300031591,3.3253920671230865,1.0333612229012432
131.0,0.00011571588176458629,-1.2868533266468005,-165.55413300031597,3.309827713633032,1.0512000321954267
131.5,0.00011451022615190147,-0.9264434892909204,-165.55413300031606,3.307592470166812,1.0549382532503713
132.0,0.00011498187068528056,-1.501333312586872,-165.55413300031614,3.322057396242572,1.043168886947437
132.5,0.00011605404603329227,-2.3640412296151325,-165.5541330003161,3.3349935200496774,1.0363470746148953
133.0,0.00011582649067648097,-2.755247183309166,-165.55413300031603,3.3247831533309116,1.0635072760077493
133.5,0.00011367664358112723,-2.4957481035751297,-165.55413300031594,3.290604999182183,1.0986006502882089
134.0,0.0001113923827269359,-1.899068347846934,-165.55413300031591,3.260382260345602,1.13627310105113
134.5,0.00011150372849734924,-1.3509497445422862,-165.55413300031597,3.2646143090328996,1.0937038050655323
135.0,0.00011422423535110214,-1.1929156226903692,-165.55413300031594,3.295968484653664,1.0548199407392773
135.5,0.00011657307811505763,-1.582986714735719,-165.5541330003159,3.31669098906621,1.092213210191112
136.0,0.00011654380353331931,-2.2923964864504143,-165.55413300031574,3.303083424341044,1.1303977324825587
136.5,0.0001162083928869646,-2.7731167982776244,-165.5541330003156,3.2649584842685213,1.08617767260413
137.0,0.00011745468520653607,-2.608052733516396,-165.55413300031546,3.232134167199926,1.0459630893600849
137.5,0.00011897467020401651,-1.9464268446428186,-165.5541330003154,3.229474371635379,1.0267863482747135
138.0,0.00011989063041275221,-1.414781336793858,-165.55413300031535,3.255385248816781,1.0391301742670511
138.5,0.00012115618368525492,-1.5563251363300428,-165.5541330003153,3.2840592981583563,1.0558487866219906
139.0,0.00012463827319569344,-2.3122321770251184,-165.55413300031518,3.2870260878688917,1.0484343655080597
139.5,0.00012990192446466728,-3.109303671532018,-165.55413300031512,3.252935205602201,1.0329325686567583
140.0,0.00013173329576030517,-3.3795231098555574,-165.55413300031506,3.2021574385462026,1.045880563947448
140.5,0.00012624272335785253,-3.0061125480884194,-165.55413300031498,3.1832808974773545,1.0517361718136822
141.0,0.00011980414799012244,-2.3022017490062554,-165.55413300031495,3.219934713932082,1.0215554124699997
141.5,0.00012222805480249883,-1.7472218491824352,-165.55413300031495,3.266709742572354,1.0389101594756895
142.0,0.00013122411478364175,-1.6963152700489386,-165.554133000315,3.269425023112749,1.0397947045498894
142.5,0.0001342389459978816,-2.1206738075245313,-165.554133000315,3.227654915684381,1.036134043792019
143.0,0.0001266102362546035,-2.5645148666562023,-165.55413300031495,3.178392973878599,1.0351405795529196
143.5,0.00011768919722192274,-2.502429916881585,-165.5541330003149,3.1625900464855254,1.0477448681544603
144.0,0.00011728706341042312,-1.7368904591651793,-165.55413300031486,3.1956962170320393,1.0499474765610528
144.5,0.0001240279823996018,-0.5654903202016155,-165.55413300031492,3.2430918532056703,1.1029591752947085
145.0,0.00012947419359161493,0.3510261756672429,-165.55413300031503,3.253569338081695,1.0794345628569237
145.5,0.00012896804991194735,0.4654830544594747,-165.5541330003151,3.2160852922947205,1.0577644474814598
146.0,0.00012527831692586063,-0.2053522428041587,-165.55413300031506,3.165333478275812,1.1002690752942303
146.5,0.0001241041713630963,-0.9160188333308923,-165.554133000315,3.1499168789018768,1.1366275572522118
147.0,0.00012686525748876795,-0.7003881068033859,-165.554133000315,3.188072292814285,1.097477085830986
147.5,0.00012960408936501833,0.6026778391672547,-165.55413300031503,3.2411531822605837,1.0535887295914015
148.0,0.00013016229724619637,2.056472429557023,-165.5541330003151,3.2506924006222855,1.0450932373926856
148.5,0.0001310397846843233,2.4886286414835714,-165.55413300031518,3.20716610770247,1.0633014381029666
149.0,0.0001333235954825784,1.5645546194732662,-165.55413300031523,3.158346419375358,1.0693842488318928
149.5,0.00013448850542049305,0.23830233867336606,-165.55413300031523,3.1564944017702716,1.0544143677295186
150.0,0.00013270634985997293,-0.04509729195582199,-165.55413300031518,3.2074173366582315,1.0399005141987299
150.5,0.00012929739960353045,1.1888733210669198,-165.55413300031515,3.2601488888512935,1.0385214883591762
151.0,0.00012850904532563532,2.8893052380767594,-165.55413300031512,3.2574022962610867,1.042004149256326
151.5,0.00013254073798293054,3.5284218199839996,-165.55413300031512,3.205487781630878,1.055200670367673
152.0,0.00013653486676076196,2.767125215053623,-165.55413300031512,3.1654020871508504,1.0549726126458965
152.5,0.0001347036754224769,1.7173159727493623,-165.5541330003151,3.181793806214424,1.044546492072764
153.0,0.00012859259932664245,1.5421266240297413,-165.554133000315,3.2442098290558423,1.0428808389870348
153.5,0.00012445905873758453,2.4277214783954295,-165.55413300031495,3.29555626832248,1.0499301757541246
154.0,0.00012542305013528126,3.766976289797143,-165.5541330003149,3.281325810856876,1.0941203667158534
154.5,0.00012772313863342887,4.751048023904474,-165.55413300031495,3.2168539681685333,1.1072267697164562
155.0,0.0001259382613067033,4.918247825031924,-165.554133000315,3.181729453598251,1.079553323868329
155.5,0.00012153953036451469,4.4690290406346795,-165.55413300031506,3.2257520906731454,1.0705448547809258
156.0,0.000119149931041374,4.096000758249517,-165.55413300031495,3.3088221330984817,1.0990886927652215
156.5,0.0001180840262227199,4.341567412003027,-165.55413300031478,3.3461431518920763,1.109838174621684
157.0,0.00011554214807189409,5.142338616669763,-165.5541330003146,3.3013831974899235,1.0815630505372185
157.5,0.00011252907300114523,6.016695744849184,-165.55413300031452,3.2353882520767003,1.0681568598854065
158.0,0.00011172592939677247,6.518873079273004,-165.55413300031444,3.2375334313134085,1.0682697129354524
158.5,0.00011262097976069626,6.463329202310725,-165.55413300031427,3.3066966738652734,1.073181160952933
159.0,0.00011257998019789322,5.999573923767173,-165.55413300031407,3.368737191491146,1.0645805457917097
159.5,0.0001105925952032891,5.513823580587161,-165.55413300031375,3.374437032764886,1.0696701571298093
160.0,0.00010799625689648027,5.355144640197276,-165.55413300031353,3.332694985119592,1.086411109453455
160.5,0.00010662878908745423,5.601899583513126,-165.55413300031336,3.2954365306663567,1.0557464398720586
161.0,0.00010706467967401115,6.072700564476843,-165.5541330003132,3.313825956283422,1.0213609481220338
161.5,0.00010854418046766013,6.403447659703424,-165.55413300031304,3.376166805592022,1.0216431508864992
162.0,0.00010957637927679253,6.229034251873241,-165.5541330003129,3.4200796463646346,1.0336243199205999
162.5,0.00010861150239179961,5.502184064429956,-165.55413300031273,3.4089057277532318,1.0233960316224904
163.0,0.00010647361109963546,4.557771121057121,-165.55413300031262,3.3665787480432776,1.0118983672940791
163.5,0.00010596291225119147,3.9114208867639753,-165.55413300031256,3.3526144804195583,0.9867442803616341
164.0,0.0001069144411186615,3.9752584953953933,-165.5541330003125,3.3940063773635862,0.9832224052658476
164.5,0.00010714126943667437,4.614948927395192,-165.55413300031245,3.4449984155382793,0.9901039691728984
165.0,0.00010687862694823487,5.018190361294783,-165.55413300031245,3.451277903209715,1.0043280002214356
165.5,0.00010746929400582813,4.40611775764137,-165.55413300031245,3.4187857189660464,1.0066193534749692
166.0,0.00010836982273205659,2.8913187784747105,-165.5541330003125,3.3955869979813134,1.001085626835639
166.5,0.00010785622345214195,1.4517388372699909,-165.55413300031256,3.417021186417173,0.9932808539365162
167.0,0.00010655279887835864,1.0706998670530863,-165.5541330003126,3.4632422634116455,0.9958022303912579
167.5,0.00010678811939191281,1.7789866128111178,-165.55413300031265,3.4772693842872564,1.0269863490394529
168.0,0.00010791311611246357,2.5108100977712304,-165.5541330003128,3.445318915579318,1.0633591526115882
168.5,0.0001075912051640727,2.1283050915586874,-165.55413300031302,3.4184817306349293,1.0519077833317774
169.0,0.00010731738895588051,0.6030238586129893,-165.55413300031324,3.436556042354827,1.044214679696853
169.5,0.00010895958014572097,-0.9340680425152532,-165.55413300031347,3.478820904023987,1.0568916629253826
170.0,0.00011008490470053669,-1.3394509424419128,-165.55413300031358,3.4938476574311244,1.0675819075485333
170.5,0.0001087824898232728,-0.6181168928213414,-165.55413300031373,3.461815025230404,1.0819410639113691
171.0,0.00010717058708875626,0.2072597077731573,-165.55413300031393,3.4281532071586667,1.094184919869142
171.5,0.00010750524803207647,0.3632338390819294,-165.55413300031418,3.4455081409765955,1.0876536666938412
172.0,0.00010921723323568865,-0.005765670717482824,-165.55413300031444,3.492007108467729,1.0716664035990422
172.5,0.00011118586939309549,-0.4063424108852675,-165.55413300031458,3.508289050661223,1.078297261663794
173.0,0.00011282772279175692,-0.5976470018401343,-165.55413300031466,3.480150768866129,1.10420627178399
173.5,0.0001128997502420371,-0.4528056270094476,-165.55413300031472,3.446424684787657,1.1112196428919643
174.0,0.00011058422013447393,0.20332578464401316,-165.55413300031478,3.452590008195056,1.0855059241240639
174.5,0.00010758190507012704,1.3062713696605925,-165.55413300031483,3.498351955315835,1.0611227391383076
175.0,0.00010745323399260284,2.3560179747981933,-165.5541330003149,3.529609790631558,1.0646971389767301
175.5,0.00011108563340677944,2.6947985845474505,-165.5541330003149,3.510083195591153,1.08555862564234
176.0,0.00011396233142201547,2.2430335289984598,-165.55413300031478,3.4731167434010484,1.0958764659482099
176.5,0.00011111302146952251,1.8721036217319333,-165.55413300031464,3.4769943105194656,1.0812998787455874
177.0,0.00010409772870348846,2.5179633415952645,-165.55413300031438,3.527091163564469,1.0636166066228432
177.5,9.908002464476888e-05,4.091029331713616,-165.55413300031415,3.5625094407511444,1.0666491884642773
178.0,0.00010015297426931236,5.633910302788392,-165.55413300031398,3.543217154438767,1.0857002549310195
178.5,0.0001048422532094512,6.261113993689644,-165.55413300031373,3.509785135284729,1.1068909528853912
179.0,0.00010695822566169432,5.867627544752577,-165.5541330003134,3.5169973902436906,1.0830790959146221
179.5,0.00010380059513178087,5.2102454346296305,-165.55413300031302,3.563966656098451,1.0766331444188142
180.0,9.866208976013917e-05,5.22749692260869,-165.55413300031262,3.6032245347770524,1.1084524559534363
